Company,CaseTrust,Address,Phone,Email
A ACME DESIGN,No,"5056 , ANG MO KIO INDUSTRY PARK 2 , #01-1165 , SINGAPORE 569559",98733232,ACMEDESIGN@OUTLOOK.COM
A BLUE CUBE DESIGN PRIVATE LIMITED,No,"184 , EAST COAST ROAD , #01-01 , SINGAPORE 428890",65468328,ADMIN@ABCD.COM.SG
A CASA INTERIOR PTE. LTD.,No,"18A , JALAN TAMPANG , SEMBAWANG GARDEN ARCADE , SINGAPORE 758963",67594750,MAY_LOHCITY@YAHOO.COM.SG
A DESIGN PORTAL,No,"2 , KAKI BUKIT AVENUE 2 , KAKI BUKIT AUTOHUB , #02-25 , SINGAPORE 417921",67410393,DESIGNPORTAL@YAHOO.COM
A HOME INTERIOR,No,"19 , JALAN KILANG BARAT , ACETECH CENTRE , #02-03 , SINGAPORE 159361",89337338,SALES@AHOMEINTERIOR.COM
A PLAN INTERIOR DESIGN PTE. LTD.,No,"280 , WOODLANDS INDUSTRIAL PARK E5 , HARVEST @ WOODLANDS , #07-19 , SINGAPORE 757322",62655628,ALLAN@APLAN.COM.SG
A S PALACE DESIGN,No,"4 , KINGSWEAR AVENUE , SINGAPORE 557186",63529731,ASPALACEDESIGN@SINGNET.COM.SG
A SQUARE SPACE ASSOCIATES PRIVATE LIMITED,No,"159 , STILL ROAD , BOON COURT , #0-0 , SINGAPORE 423994",88294390,ENQUIRY@ASQUARESPACE.COM.SG
A. A. METAL WORKS PTE LTD,No,"32 , OLD TOH TUCK ROAD , I.BIZ CENTRE , #05-06 , SINGAPORE 597658",68966691,AAMSTAN@YAHOO.COM
A.I.M.S PTE LTD,No,"68 , KAKI BUKIT AVENUE 6 , ARK@KB , #03-07 , SINGAPORE 417896",97437730,PAULY.S.P@HOTMAIL.COM
A.K.B. RENOVATION CONTRACTOR,No,"9008 , TAMPINES STREET 93 , #01-35 , SINGAPORE 528843",62232024,AKB.RENOV@GMAIL.COM
A.L.C CONSTRUCTION PTE. LTD.,No,"24 , SIN MING LANE , MIDVIEW CITY , #03-92 , SINGAPORE 573970",91521315,ADMIN@ALCCONSTRUCTION.COM.SG
